Titre,Entreprise,Localisation,Salaire,Date de publication
"Lab Technician, Particleboard",Kronospan,"Anniston, AL",Not specified,Non spécifié
Online Game Presenter (Waiter/Waitress Alternative) No Experience Necessary,Evolution Gaming,"Atlantic City, NJ",$20.00-25.00 per hour,Just now
Claims Administrator,Barasch & McGarry,"Manhattan, NY","$60,000 per year",Non spécifié
Litigation Legal Assistant,Tucker Arensberg PC,"Pittsburgh, PA",Not specified,Just now
Delivery Driver (02903) - 2190 Patricia Ct --- Daily Cash Take home $,Domino's Pizza,"Caseyville, IL",Not specified,Non spécifié
Part Time Client Representative (Work from home - Remote Virtual),Rowland Investisure,"Dallas, TX",Not specified,Non spécifié
Service Unit Department Manager RN,HR Recruiting Services,"Roseville, CA",Not specified,Non spécifié
Sales / Designer,Closets by Design,"Arvada, CO","$3,000-5,000 per month",Just now
Sales / Designer,Closets by Design,"Aurora, CO","$3,000-5,000 per month",Just now
Sales / Designer,Closets by Design,"Westminster, CO","$3,000-5,000 per month",Just now
Part-Time Payroll Clerk,Sherpa,"Charlotte, NC",$17.00-19.00 per hour,Just now
Firmware Engineer Internship/Co-op,Zoox,"Foster City, CA","$6,500-9,500 per month",Just now
Associate Release Engineer,Veeva Systems,"Pleasanton, CA","$67,000-100,000 per year",Just now
Material Handler – 1st Shift,The Davis Companies,"Westborough, MA",$19.00 per hour,Just now
Electro-Mechanical Assembler – 1st Shift,The Davis Companies,"Suwanee, GA",$19.00 per hour,Just now
Publishing Operations Specialist,Metropolitan New York Library Council,"New York City, NY","$70,000-77,000 per year",Just now
Mechanical Analysis and Methods Engineer,Talascend,"Bellevue, WA",$60.00-80.00 per hour,10 mins ago
Perception Intern,Zoox,"Foster City, CA","$6,500-9,500 per month",11 mins ago
Sales / Designer,Closets by Design,"Littleton, CO","$3,000-5,000 per month",22 mins ago
Sales / Designer,Closets by Design,"Aurora, CO","$3,000-5,000 per month",29 mins ago
