job_title,company,location,salary,posting_time
(Grocery) Regional Manager of Asian Cuisine,Yummi Sushi,"Glendale, CA",Not specified,9 hours ago
Alliances Channel Sales Manager,Board International,"Los Angeles, CA",Not specified,17 hours ago
Business Development Manager - Los Angeles,Michael Page,"Los Angeles, CA","$65,000-85,000 per year",12 hours ago
Account Executive,Michael Page,"Los Angeles, CA","$60,000-70,000 per year",16 hours ago
"Physical Therapist Assistant, PTA - Per Diem",Top Dog Recruiting,"Los Angeles, CA",Not specified,9 hours ago
"Physical Therapist Assistant, PTA - Per Diem",International Staffing Consultants,"Los Angeles, CA",Not specified,10 hours ago
Physical Therapist (PT) Per Diem,International Staffing Consultants,"Los Angeles, CA",Not specified,12 hours ago
Physical Therapist (PT) Per Diem,KOB Solutions,"Los Angeles, CA",Not specified,14 hours ago
Physical Therapist (PT) Per Diem,Philips Recruiting Services,"Los Angeles, CA",Not specified,16 hours ago
Physical Therapist (PT) Per Diem,Top Dog Recruiting,"Los Angeles, CA",Not specified,17 hours ago
"Physical Therapist Assistant, PTA - Per Diem",Philips Recruiting Services,"Los Angeles, CA",Not specified,17 hours ago
"Physical Therapist Assistant, PTA - Per Diem",KOB Solutions,"Los Angeles, CA",Not specified,18 hours ago
Director Of Marketing,HHM Hotels,"Pasadena, CA",Not specified,18 hours ago
Dental Technician - Ceramist,GKY Dental Arts Inc.,"Torrance, CA",$20.00-50.00 per hour,19 hours ago
"TRAVELING CHEF - FISD - LOS ANGELES, CA",Compass Group,"Los Angeles, CA","$75,000-85,000 per year",9 hours ago
FOOD SERVICE UTILITY (FULL TIME),Compass Group,"Los Angeles, CA",$19.68 per hour,9 hours ago
DISHWASHER (PART TIME),Compass Group,"Los Angeles, CA",$18.00 per hour,9 hours ago
Housekeeping Attendant,Marriott,"Los Angeles, CA",$24.93-27.70 per hour,9 hours ago
Senior Research Coordinator - Jules Stein Eye Institute,UCLA Health,"Los Angeles, CA",$39.61-63.73 per hour,9 hours ago
MRI Technologist 12Hr,Children's Hospital of Los Angeles,"Los Angeles, CA","$68,848-112,902 per year",9 hours ago
