Titre,Entreprise,Localisation,Date de publication
Data Analyst/Engineer,PragerU,"Los Angeles, CA",Non spécifié
PRINCIPAL DATA ANALYST (DATA SCIENTIST) - Consultant,Kaygen,"Los Angeles, CA",Non spécifié
DEPARTMENTAL SYSTEMS ANALYST (Data Analyst),Kaygen,"Los Angeles, CA",Non spécifié
"Assistant Staff Analyst – (Data Analytics & Reporting, Assistant Data Analyst), N24",Heluna Health,"Los Angeles, CA",Non spécifié
Data Analyst - Insurance - REMOTE,Work at Home,"Los Angeles, CA",Non spécifié
"Assistant Staff Analyst (Policy and Planning Assistant Staff Data Analyst), C107 & N23",Heluna Health,"Los Angeles, CA",Non spécifié
"Sr. Data Insights Analyst, Media & Entertainment",삼성전자,"Los Angeles, CA",Non spécifié
Lead Data Analyst,The Walt Disney Company,"Santa Monica, CA",Non spécifié
Data Analyst III,Kaiser Permanente,"Pasadena, CA",Non spécifié
Adobe Analytics Lead Digital Data Analyst,Genuent,"Los Angeles, CA",Non spécifié
"Assistant Staff Analyst – (Data Analytics & Reporting, Assistant Data Analyst), N24","Public Health Foundation Enterprises, In","Los Angeles, CA",Non spécifié
Senior Data Intelligence Research Analyst,RAND,"Los Angeles, CA
      

        
        Santa Monica, CA",Non spécifié
"Senior B.I. Data Analyst, Partnerships",AEG,"Los Angeles, CA",Non spécifié
"Business Solutions Analyst, UP&E Data & Analytics",NBCUniversal,"Universal City, CA",Non spécifié
"Assistant Staff Analyst (Policy and Planning Assistant Staff Data Analyst), C107 & N23","Public Health Foundation Enterprises, In","Los Angeles, CA",Non spécifié
Data Analyst,SecureSpace Self Storage,"Redondo Beach, CA",Non spécifié
Senior Data Analyst,Karl Storz,"El Segundo, CA",Non spécifié
Sr. Data Analyst,The Walt Disney Company,"Santa Monica, CA",Non spécifié
Risk Data Analyst,East West Bank,"Pasadena, CA",Non spécifié
Data Quality Analyst,ServiceTitan,"Glendale, CA",Non spécifié
